<ImportExportXml version="6.1.0000.0581" SolutionPackageVersion="6.1" languagecode="1033" generatedBy="OnPremise" xmlns:xsi="http://www.w3.org/2001/XMLSchema-instance">
  <SolutionManifest>
    <UniqueName>JosephMcGregorSMS</UniqueName>
    <LocalizedNames>
      <LocalizedName description="Joseph McGregor SMS" languagecode="1033" />
    </LocalizedNames>
    <Descriptions />
    <Version>1.0.0.0</Version>
    <Managed>0</Managed>
    <Publisher>
      <UniqueName>josephmcgregor</UniqueName>
      <LocalizedNames>
        <LocalizedName description="Joseph McGregor" languagecode="1033" />
      </LocalizedNames>
      <Descriptions />
      <EMailAddress xsi:nil="true"></EMailAddress>
      <SupportingWebsiteUrl xsi:nil="true"></SupportingWebsiteUrl>
      <CustomizationPrefix>jmcg</CustomizationPrefix>
      <CustomizationOptionValuePrefix>32841</CustomizationOptionValuePrefix>
      <Addresses>
        <Address>
          <AddressNumber>1</AddressNumber>
          <AddressTypeCode>1</AddressTypeCode>
          <City xsi:nil="true"></City>
          <County xsi:nil="true"></County>
          <Country xsi:nil="true"></Country>
          <Fax xsi:nil="true"></Fax>
          <FreightTermsCode xsi:nil="true"></FreightTermsCode>
          <ImportSequenceNumber xsi:nil="true"></ImportSequenceNumber>
          <Latitude xsi:nil="true"></Latitude>
          <Line1 xsi:nil="true"></Line1>
          <Line2 xsi:nil="true"></Line2>
          <Line3 xsi:nil="true"></Line3>
          <Longitude xsi:nil="true"></Longitude>
          <Name xsi:nil="true"></Name>
          <PostalCode xsi:nil="true"></PostalCode>
          <PostOfficeBox xsi:nil="true"></PostOfficeBox>
          <PrimaryContactName xsi:nil="true"></PrimaryContactName>
          <ShippingMethodCode>1</ShippingMethodCode>
          <StateOrProvince xsi:nil="true"></StateOrProvince>
          <Telephone1 xsi:nil="true"></Telephone1>
          <Telephone2 xsi:nil="true"></Telephone2>
          <Telephone3 xsi:nil="true"></Telephone3>
          <TimeZoneRuleVersionNumber xsi:nil="true"></TimeZoneRuleVersionNumber>
          <UPSZone xsi:nil="true"></UPSZone>
          <UTCOffset xsi:nil="true"></UTCOffset>
          <UTCConversionTimeZoneCode xsi:nil="true"></UTCConversionTimeZoneCode>
        </Address>
        <Address>
          <AddressNumber>2</AddressNumber>
          <AddressTypeCode>1</AddressTypeCode>
          <City xsi:nil="true"></City>
          <County xsi:nil="true"></County>
          <Country xsi:nil="true"></Country>
          <Fax xsi:nil="true"></Fax>
          <FreightTermsCode xsi:nil="true"></FreightTermsCode>
          <ImportSequenceNumber xsi:nil="true"></ImportSequenceNumber>
          <Latitude xsi:nil="true"></Latitude>
          <Line1 xsi:nil="true"></Line1>
          <Line2 xsi:nil="true"></Line2>
          <Line3 xsi:nil="true"></Line3>
          <Longitude xsi:nil="true"></Longitude>
          <Name xsi:nil="true"></Name>
          <PostalCode xsi:nil="true"></PostalCode>
          <PostOfficeBox xsi:nil="true"></PostOfficeBox>
          <PrimaryContactName xsi:nil="true"></PrimaryContactName>
          <ShippingMethodCode>1</ShippingMethodCode>
          <StateOrProvince xsi:nil="true"></StateOrProvince>
          <Telephone1 xsi:nil="true"></Telephone1>
          <Telephone2 xsi:nil="true"></Telephone2>
          <Telephone3 xsi:nil="true"></Telephone3>
          <TimeZoneRuleVersionNumber xsi:nil="true"></TimeZoneRuleVersionNumber>
          <UPSZone xsi:nil="true"></UPSZone>
          <UTCOffset xsi:nil="true"></UTCOffset>
          <UTCConversionTimeZoneCode xsi:nil="true"></UTCConversionTimeZoneCode>
        </Address>
      </Addresses>
    </Publisher>
    <RootComponents>
      <RootComponent type="1" schemaName="jmcg_bulksms" />
      <RootComponent type="1" schemaName="jmcg_bulksmserror" />
      <RootComponent type="1" schemaName="jmcg_sms" />
      <RootComponent type="1" schemaName="jmcg_smssettings" />
      <RootComponent type="29" id="{b295f7d0-e410-49ef-8232-a023bb942cbf}" />
      <RootComponent type="61" schemaName="jmcg_sms_bulksms.js" />
      <RootComponent type="61" schemaName="jmcg_sms_pageutility.js" />
      <RootComponent type="91" schemaName="JosephM.Xrm.Sms.Plugins, Version=1.0.7654.25989, Culture=neutral, PublicKeyToken=e3d45705b013c9a3" />
      <RootComponent type="92" id="{50988d04-613e-eb11-8158-000c290a70aa}" />
      <RootComponent type="92" id="{52988d04-613e-eb11-8158-000c290a70aa}" />
      <RootComponent type="92" id="{54988d04-613e-eb11-8158-000c290a70aa}" />
      <RootComponent type="92" id="{56988d04-613e-eb11-8158-000c290a70aa}" />
      <RootComponent type="92" id="{ecb3475b-613e-eb11-8158-000c290a70aa}" />
      <RootComponent type="92" id="{eeb3475b-613e-eb11-8158-000c290a70aa}" />
      <RootComponent type="92" id="{f0b3475b-613e-eb11-8158-000c290a70aa}" />
    </RootComponents>
    <MissingDependencies>
      <MissingDependency>
        <Required key="0" type="9" schemaName="socialprofile_community" displayName="Social Channel" solution="System" />
        <Dependent key="1" type="2" schemaName="community" displayName="Social Channel" parentSchemaName="jmcg_sms" parentDisplayName="SMS" />
      </MissingDependency>
      <MissingDependency>
        <Required key="2" type="1" schemaName="contact" displayName="Contact" solution="System" />
        <Dependent key="3" type="10" schemaName="jmcg_bulksmserror_contact_jmcg_contact" />
      </MissingDependency>
      <MissingDependency>
        <Required key="4" type="1" schemaName="list" displayName="Marketing List" solution="System" />
        <Dependent key="5" type="10" schemaName="jmcg_bulksms_list_jmcg_marketinglist" />
      </MissingDependency>
      <MissingDependency>
        <Required key="6" type="26" schemaName="Contacts Lookup View" displayName="Contacts Lookup View" parentSchemaName="contact" parentDisplayName="Contact" solution="System" id="{a2d479c5-53e3-4c69-addd-802327e67a0d}" />
        <Dependent key="7" type="60" displayName="Information" parentDisplayName="Bulk SMS Error" id="{11a72e3f-1ace-42ec-abb6-aaa77ae12d93}" />
      </MissingDependency>
    </MissingDependencies>
  </SolutionManifest>
</ImportExportXml>